Time,Kinetic Energy,Potential Energy,Total Energy
0,0,49,49
0.01,0.004802,49,49.0048
0.02,0.019208,48.9904,49.00961
0.03,0.043218,48.97119,49.01441
0.04,0.076832,48.94238,49.01921
0.05,0.12005,48.90397,49.02402
0.06,0.1728719,48.85596,49.02883
0.07,0.2352975,48.79834,49.03363
0.08,0.3073269,48.73112,49.03844
0.09,0.3889594,48.65429,49.04325
0.1,0.4801947,48.56787,49.04807
0.11,0.5810321,48.47184,49.05288
0.12,0.6914705,48.36622,49.05769
0.13,0.8115085,48.25099,49.0625
0.14,0.9411445,48.12617,49.06731
0.15,1.080376,47.99175,49.07213
0.16,1.229201,47.84774,49.07695
0.17,1.387615,47.69415,49.08176
0.18,1.555614,47.53096,49.08657
0.19,1.733193,47.35819,49.09138
0.2,1.920345,47.17585,49.09619
0.21,2.117065,46.98394,49.101
0.22,2.323343,46.78246,49.1058
0.23,2.539169,46.57145,49.11062
0.24,2.764533,46.35091,49.11544
0.25,2.99942,46.12085,49.12027
0.26,3.243818,45.88127,49.12508
0.27,3.497709,45.63221,49.12991
0.28,3.761074,45.37368,49.13475
0.29,4.033893,45.10568,49.13958
0.3,4.316142,44.82828,49.14442
0.31,4.607794,44.54147,49.14927
0.32,4.908823,44.24528,49.1541
0.33,5.219195,43.93976,49.15896
0.34,5.538876,43.62494,49.16382
0.35,5.867828,43.30086,49.16869
0.36,6.206009,42.96754,49.17355
0.37,6.553372,42.62506,49.17843
0.38,6.90987,42.27345,49.18332
0.39,7.275446,41.91277,49.18822
0.4,7.650044,41.5431,49.19314
0.41,8.0336,41.16447,49.19807
0.42,8.426046,40.77697,49.20301
0.43,8.827311,40.38065,49.20796
0.44,9.237314,39.97562,49.21294
0.45,9.655972,39.56194,49.21791
0.46,10.0832,39.13971,49.22291
0.47,10.51889,38.70904,49.22793
0.48,10.96295,38.27,49.23296
0.49,11.41527,37.82273,49.238
0.5,11.87574,37.36734,49.24307
0.51,12.34422,36.90395,49.24817
0.52,12.8206,36.43269,49.25329
0.53,13.30473,35.95369,49.25842
0.54,13.79647,35.46712,49.26359
0.55,14.29567,34.97312,49.26879
0.56,14.80216,34.47185,49.27401
0.57,15.31578,33.96349,49.27927
0.58,15.83635,33.44819,49.28455
0.59,16.36369,32.92617,49.28986
0.6,16.89758,32.39761,49.2952
0.61,17.43785,31.86274,49.30058
0.62,17.98425,31.32174,49.306
0.63,18.53659,30.77487,49.31145
0.64,19.09462,30.22235,49.31696
0.65,19.6581,29.66441,49.3225
0.66,20.22677,29.10133,49.3281
0.67,20.80038,28.53336,49.33374
0.68,21.37866,27.96076,49.33942
0.69,21.96131,27.38384,49.34515
0.7,22.54805,26.80289,49.35094
0.71,23.13857,26.21821,49.35678
0.72,23.73257,25.6301,49.36267
0.73,24.32971,25.0389,49.36861
0.74,24.92967,24.44495,49.37461
0.75,25.53209,23.84859,49.38068
0.76,26.13664,23.25018,49.38682
0.77,26.74294,22.65007,49.39301
0.78,27.35061,22.04864,49.39925
0.79,27.95928,21.44629,49.40557
0.8,28.56856,20.84341,49.41197
0.81,29.17804,20.2404,49.41843
0.82,29.78731,19.63765,49.42496
0.83,30.39595,19.0356,49.43155
0.84,31.00353,18.43469,49.43822
0.85,31.60962,17.83534,49.44497
0.86,32.21378,17.23802,49.45179
0.87,32.81554,16.64316,49.4587
0.88,33.41446,16.05123,49.46569
0.89,34.01007,15.46268,49.47275
0.9,34.60189,14.878,49.4799
0.91,35.18946,14.29766,49.48712
0.92,35.77229,13.72213,49.49442
0.93,36.34989,13.15192,49.50181
0.94,36.92178,12.58751,49.50929
0.95,37.48746,12.02938,49.51684
0.96,38.04643,11.47804,49.52447
0.97,38.59821,10.93399,49.5322
0.98,39.14229,10.39771,49.54
0.99,39.67818,9.869715,49.5479
1,40.20538,9.350494,49.55587
1.01,40.72338,8.840552,49.56393
1.02,41.2317,8.340372,49.57207
1.03,41.72985,7.850456,49.5803
1.04,42.21733,7.371278,49.58861
1.05,42.69367,6.90333,49.597
1.06,43.15838,6.447085,49.60547
1.07,43.611,6.003022,49.61402
1.08,44.05106,5.571595,49.62265
1.09,44.47809,5.153265,49.63136
1.1,44.89166,4.74848,49.64014
1.11,45.29132,4.357667,49.64899
1.12,45.67665,3.981263,49.65792
1.13,46.04724,3.619671,49.66691
1.14,46.40267,3.273302,49.67597
1.15,46.74256,2.94254,49.6851
1.16,47.06653,2.627758,49.69429
1.17,47.37422,2.329319,49.70354
1.18,47.66528,2.047564,49.71284
1.19,47.93938,1.782822,49.7222
1.2,48.19621,1.5354,49.73161
1.21,48.43548,1.305591,49.74107
1.22,48.6569,1.093672,49.75057
1.23,48.86023,0.8998951,49.76012
1.24,49.04522,0.7244972,49.76972
1.25,49.21165,0.5676883,49.77934
1.26,49.35933,0.4296659,49.78899
1.27,49.48808,0.3106018,49.79868
1.28,49.59774,0.2106437,49.80838
1.29,49.68818,0.129923,49.81811
1.3,49.7593,0.06854542,49.82785
1.31,49.81101,0.02659459,49.83761
1.32,49.84324,0.004131534,49.84737
1.33,49.85595,0.001194501,49.85714
1.34,49.84911,0.01779845,49.86691
1.35,49.82274,0.05393529,49.87668
1.36,49.77687,0.1095739,49.88644
1.37,49.71154,0.1846585,49.89619
1.38,49.62682,0.279114,49.90593
1.39,49.52281,0.3928385,49.91565
1.4,49.39963,0.5257097,49.92534
1.41,49.25743,0.6775832,49.93501
1.42,49.09636,0.8482928,49.94465
1.43,48.91661,1.037651,49.95426
1.44,48.71839,1.245448,49.96384
1.45,48.50191,1.471455,49.97337
1.46,48.26743,1.715422,49.98286
1.47,48.01522,1.977079,49.9923
1.48,47.74556,2.256135,50.00169
1.49,47.45875,2.55229,50.01104
1.5,47.15511,2.86521,50.02032
1.51,46.83499,3.194558,50.02954
1.52,46.49873,3.539981,50.03872
1.53,46.14672,3.901103,50.04782
1.54,45.77932,4.277531,50.05685
1.55,45.39695,4.668875,50.06583
1.56,45.00001,5.074715,50.07472
1.57,44.58892,5.494626,50.08355
1.58,44.16413,5.92816,50.09229
1.59,43.72609,6.374878,50.10096
1.6,43.27523,6.834323,50.10956
1.61,42.81204,7.306038,50.11808
1.62,42.33698,7.789532,50.12651
1.63,41.85053,8.284331,50.13486
1.64,41.35318,8.789957,50.14314
1.65,40.84542,9.305906,50.15132
1.66,40.32774,9.831688,50.15942
1.67,39.80064,10.3668,50.16744
1.68,39.26462,10.91075,50.17537
1.69,38.72019,11.46304,50.18324
1.7,38.16785,12.02315,50.191
1.71,37.6081,12.59059,50.19869
1.72,37.04145,13.16484,50.20629
1.73,36.4684,13.74541,50.21381
1.74,35.88945,14.3318,50.22124
1.75,35.30509,14.9235,50.22859
1.76,34.71582,15.52004,50.23586
1.77,34.12213,16.12091,50.24304
1.78,33.5245,16.72564,50.25014
1.79,32.92342,17.33373,50.25715
1.8,32.31935,17.94473,50.26408
1.81,31.71277,18.55816,50.27094
1.82,31.10414,19.17357,50.27771
1.83,30.49391,19.79051,50.28442
1.84,29.88252,20.40852,50.29105
1.85,29.27042,21.02718,50.2976
1.86,28.65803,21.64605,50.30408
1.87,28.04577,22.26473,50.3105
1.88,27.43406,22.88279,50.31685
1.89,26.82329,23.49983,50.32312
1.9,26.21386,24.11548,50.32934
1.91,25.60615,24.72935,50.3355
1.92,25.00053,25.34106,50.34159
1.93,24.39737,25.95026,50.34763
1.94,23.79701,26.55659,50.35361
1.95,23.19981,27.15971,50.35952
1.96,22.60609,27.75928,50.36537
1.97,22.01616,28.355,50.37116
1.98,21.43036,28.94656,50.37691
1.99,20.84896,29.53365,50.38261
2,20.27226,30.116,50.38825
2.01,19.70054,30.69332,50.39386
2.02,19.13407,31.26536,50.39942
2.03,18.5731,31.83183,50.40493
2.04,18.01788,32.39251,50.41039
2.05,17.46866,32.94716,50.41582
2.06,16.92566,33.49556,50.42123
2.07,16.3891,34.03748,50.42658
2.08,15.85917,34.57272,50.43189
2.09,15.3361,35.10109,50.43719
2.1,14.82006,35.62238,50.44244
2.11,14.31123,36.13644,50.44767
2.12,13.80979,36.64309,50.45288
2.13,13.3159,37.14215,50.45805
2.14,12.82972,37.63347,50.46319
2.15,12.35138,38.11692,50.4683
2.16,11.88103,38.59235,50.47338
2.17,11.4188,39.05966,50.47847
2.18,10.96482,39.5187,50.48352
2.19,10.51919,39.96937,50.48856
2.2,10.08202,40.41154,50.49356
2.21,9.653426,40.84512,50.49855
2.22,9.233494,41.27005,50.50354
2.23,8.822311,41.68618,50.5085
2.24,8.419964,42.09347,50.51344
2.25,8.026527,42.49184,50.51837
2.26,7.642074,42.88122,50.52329
2.27,7.266669,43.26154,50.52821
2.28,6.900374,43.63274,50.53312
2.29,6.543245,43.99477,50.53801
2.3,6.195334,44.34756,50.5429
2.31,5.856688,44.69107,50.54776
2.32,5.527348,45.02528,50.55263
2.33,5.207356,45.35012,50.55747
2.34,4.896746,45.66558,50.56232
2.35,4.59555,45.97162,50.56717
2.36,4.303796,46.26822,50.57201
2.37,4.021512,46.55535,50.57686
2.38,3.748717,46.83297,50.58168
2.39,3.485434,47.10108,50.58652
2.4,3.23168,47.35966,50.59134
2.41,2.98747,47.60868,50.59615
2.42,2.752816,47.84813,50.60095
2.43,2.527731,48.07804,50.60577
2.44,2.312224,48.29837,50.61059
2.45,2.106302,48.5091,50.6154
2.46,1.909972,48.71025,50.62022
2.47,1.72324,48.90179,50.62503
2.48,1.546108,49.08373,50.62984
2.49,1.37858,49.25607,50.63465
2.5,1.220658,49.41881,50.63947
2.51,1.072343,49.57191,50.64425
2.52,0.9336358,49.7154,50.64904
2.53,0.8045359,49.84929,50.65383
2.54,0.6850429,49.97358,50.65862
2.55,0.575156,50.08825,50.66341
2.56,0.474874,50.19334,50.66821
2.57,0.3841956,50.28882,50.67302
2.58,0.3031192,50.37471,50.67783
2.59,0.2316433,50.45098,50.68263
2.6,0.1697665,50.51766,50.68742
2.61,0.1174872,50.57474,50.69223
2.62,0.07480413,50.62221,50.69701
2.63,0.041716,50.66009,50.70181
2.64,0.01822183,50.68839,50.70661
2.65,0.004320821,50.7071,50.71142
2.66,1.24006E-05,50.7162,50.71621
2.67,0.005296259,50.71571,50.721
2.68,0.02017234,50.70562,50.7258
2.69,0.04464086,50.68596,50.7306
2.7,0.07870229,50.6567,50.7354
2.71,0.1223573,50.61784,50.7402
2.72,0.1756069,50.56939,50.745
2.73,0.2384522,50.51133,50.74978
2.74,0.3108946,50.44367,50.75457
2.75,0.3929354,50.36644,50.75937
2.76,0.4845762,50.2796,50.76418
2.77,0.5858187,50.18316,50.76897
2.78,0.6966643,50.07711,50.77377
2.79,0.8171146,49.96145,50.77856
2.8,0.9471708,49.83619,50.78336
2.81,1.086834,49.70132,50.78815
2.82,1.236105,49.55684,50.79295
2.83,1.394984,49.40276,50.79774
2.84,1.563472,49.23906,50.80254
2.85,1.741567,49.06577,50.80733
2.86,1.929268,48.88287,50.81213
2.87,2.126572,48.69036,50.81694
2.88,2.333477,48.48826,50.82174
2.89,2.549977,48.27657,50.82655
2.9,2.776068,48.05529,50.83136
2.91,3.011743,47.82442,50.83617
2.92,3.256992,47.58399,50.84098
2.93,3.511806,47.33399,50.8458
2.94,3.776173,47.07444,50.85061
2.95,4.050078,46.80535,50.85543
2.96,4.333506,46.52676,50.86027
2.97,4.626438,46.23866,50.8651
2.98,4.928853,45.9411,50.86995
2.99,5.240726,45.63406,50.87479
3,5.562032,45.31762,50.87965
3.01,5.89274,44.99177,50.88451
3.02,6.232816,44.65656,50.88937
3.03,6.582223,44.31202,50.89424
3.04,6.940922,43.95821,50.89913
3.05,7.308867,43.59517,50.90403
3.06,7.686009,43.22293,50.90894
3.07,8.072295,42.84156,50.91385
3.08,8.467667,42.45111,50.91878
3.09,8.872059,42.05165,50.92371
3.1,9.285406,41.64326,50.92867
3.11,9.707633,41.22601,50.93364
3.12,10.13866,40.79997,50.93863
3.13,10.5784,40.36524,50.94364
3.14,11.02677,39.92191,50.94867
3.15,11.48366,39.47006,50.95371
3.16,11.94897,39.00981,50.95878
3.17,12.42258,38.54128,50.96386
3.18,12.90439,38.0646,50.96899
3.19,13.39426,37.57986,50.97412
3.2,13.89205,37.08722,50.97928
3.21,14.39764,36.58684,50.98448
3.22,14.91086,36.07884,50.9897
3.23,15.43155,35.56339,50.99494
3.24,15.95956,35.04067,51.00023
3.25,16.4947,34.51083,51.00554
3.26,17.03679,33.97409,51.01087
3.27,17.58563,33.43064,51.01627
3.28,18.14102,32.88068,51.0217
3.29,18.70275,32.32442,51.02717
3.3,19.27058,31.7621,51.03269
3.31,19.8443,31.19394,51.03824
3.32,20.42365,30.62017,51.04383
3.33,21.00838,30.04108,51.04946
3.34,21.59823,29.45692,51.05515
3.35,22.19292,28.86797,51.06088
3.36,22.79216,28.27451,51.06667
3.37,23.39566,27.67687,51.07253
3.38,24.00312,27.07532,51.07843
3.39,24.6142,26.47019,51.0844
3.4,25.22859,25.86184,51.09043
3.41,25.84595,25.25058,51.09653
3.42,26.46592,24.63675,51.10268
3.43,27.08815,24.02074,51.10889
3.44,27.71226,23.40291,51.11518
3.45,28.33788,22.78364,51.12152
3.46,28.9646,22.16334,51.12794
3.47,29.59204,21.54241,51.13445
3.48,30.21977,20.92125,51.14102
3.49,30.84738,20.30028,51.14766
3.5,31.47443,19.67994,51.15437
3.51,32.10049,19.06067,51.16116
3.52,32.72511,18.44294,51.16805
3.53,33.34782,17.82719,51.17501
3.54,33.96818,17.21388,51.18205
3.55,34.5857,16.60349,51.18918
3.56,35.1999,15.99649,51.19639
3.57,35.8103,15.39339,51.2037
3.58,36.41641,14.79467,51.21108
3.59,37.01773,14.20083,51.21856
3.6,37.61375,13.61237,51.22612
3.61,38.20398,13.02979,51.23377
3.62,38.78789,12.45362,51.24151
3.63,39.36499,11.88436,51.24934
3.64,39.93475,11.32252,51.25726
3.65,40.49665,10.76863,51.26528
3.66,41.05019,10.22319,51.27338
3.67,41.59484,9.686735,51.28157
3.68,42.13008,9.15976,51.28984
3.69,42.65542,8.642796,51.29822
3.7,43.17033,8.136351,51.30668
3.71,43.6743,7.64093,51.31523
3.72,44.16684,7.157033,51.32387
3.73,44.64743,6.685151,51.33258
3.74,45.1156,6.225791,51.34139
3.75,45.57086,5.77942,51.35028
3.76,46.01273,5.346524,51.35925
3.77,46.44074,4.927561,51.3683
3.78,46.85443,4.522988,51.37742
3.79,47.25338,4.133257,51.38663
3.8,47.63712,3.75879,51.39591
3.81,48.00525,3.400014,51.40526
3.82,48.35735,3.057332,51.41468
3.83,48.69304,2.731139,51.42418
3.84,49.01192,2.421808,51.43373
3.85,49.31364,2.129693,51.44334
3.86,49.59787,1.855147,51.45301
3.87,49.86425,1.598489,51.46274
3.88,50.1125,1.360026,51.47253
3.89,50.34231,1.140045,51.48235
3.9,50.55341,0.9388134,51.49223
3.91,50.74556,0.756573,51.50214
3.92,50.91853,0.5935532,51.51208
3.93,51.07211,0.449957,51.52207
3.94,51.20611,0.3259678,51.53208
3.95,51.32038,0.2217403,51.54212
3.96,51.41478,0.1374119,51.55219
3.97,51.48917,0.07309408,51.56226
3.98,51.54349,0.02887493,51.57236
3.99,51.57765,0.004819352,51.58247
4,51.59161,0.000968663,51.59258
4.01,51.58535,0.01733879,51.60269
4.02,51.55887,0.05392243,51.61279
4.03,51.5122,0.1106875,51.62289
4.04,51.4454,0.1875786,51.63298
4.05,51.35854,0.2845145,51.64306
4.06,51.25172,0.4013919,51.65311
4.07,51.12506,0.5380841,51.66315
4.08,50.97871,0.6944382,51.67315
4.09,50.81284,0.8702853,51.68312
4.1,50.62764,1.065426,51.69307
4.11,50.42332,1.279639,51.70296
4.12,50.20013,1.512689,51.71281
4.13,49.95831,1.764315,51.72263
4.14,49.69815,2.034238,51.73238
4.15,49.41994,2.32215,51.7421
4.16,49.12401,2.627735,51.75175
4.17,48.81068,2.950656,51.76134
4.18,48.48032,3.290553,51.77087
4.19,48.13328,3.64706,51.78034
4.2,47.76995,4.019785,51.78974
4.21,47.39075,4.408319,51.79906
4.22,46.99607,4.812247,51.80832
4.23,46.58636,5.231142,51.8175
4.24,46.16206,5.664551,51.82661
4.25,45.72361,6.112019,51.83562
4.26,45.27148,6.573081,51.84456
4.27,44.80615,7.04727,51.85342
4.28,44.32811,7.53409,51.86219
4.29,43.83783,8.033041,51.87087
4.3,43.33583,8.543633,51.87947
4.31,42.82262,9.065365,51.88798
4.32,42.29868,9.597718,51.8964
4.33,41.76456,10.14018,51.90474
4.34,41.22075,10.69224,51.91299
4.35,40.66778,11.25336,51.92114
4.36,40.10617,11.82303,51.9292
4.37,39.53645,12.40072,51.93718
4.38,38.95914,12.98591,51.94506
4.39,38.37477,13.57808,51.95285
4.4,37.78384,14.17671,51.96055
4.41,37.18688,14.78128,51.96816
4.42,36.58441,15.39127,51.97569
4.43,35.97693,16.00619,51.98312
4.44,35.36496,16.6255,51.99046
4.45,34.74899,17.24873,51.99772
4.46,34.12952,17.87537,52.00489
4.47,33.50704,18.50494,52.01198
4.48,32.88203,19.13694,52.01897
4.49,32.25496,19.77093,52.02589
4.5,31.62631,20.40642,52.03273
4.51,30.99653,21.04296,52.03949
4.52,30.36608,21.68009,52.04617
4.53,29.73539,22.31739,52.05277
4.54,29.10489,22.9544,52.05929
4.55,28.47502,23.59074,52.06575
4.56,27.84617,24.22595,52.07213
4.57,27.21876,24.85968,52.07844
4.58,26.59317,25.4915,52.08467
4.59,25.96979,26.12107,52.09086
4.6,25.34898,26.74798,52.09697
4.61,24.73111,27.37189,52.103
4.62,24.11652,27.99246,52.10898
4.63,23.50555,28.60934,52.1149
4.64,22.89853,29.22223,52.12077
4.65,22.29577,29.83079,52.12656
4.66,21.69758,30.43474,52.13232
4.67,21.10425,31.03378,52.13802
4.68,20.51606,31.62763,52.14369
4.69,19.93329,32.21601,52.1493
4.7,19.35618,32.79868,52.15486
4.71,18.78501,33.37538,52.16039
4.72,18.21999,33.94587,52.16586
4.73,17.66137,34.50993,52.1713
4.74,17.10936,35.06733,52.17669
4.75,16.56417,35.61787,52.18204
4.76,16.026,36.16136,52.18736
4.77,15.49503,36.69761,52.19263
4.78,14.97145,37.22644,52.19788
4.79,14.45543,37.74767,52.2031
4.8,13.94712,38.26116,52.20828
4.81,13.44669,38.76675,52.21344
4.82,12.95427,39.2643,52.21857
4.83,12.47001,39.75367,52.22367
4.84,11.99402,40.23473,52.22874
4.85,11.52643,40.70739,52.23382
4.86,11.06735,41.1715,52.23885
4.87,10.61688,41.62698,52.24387
4.88,10.17513,42.07372,52.24886
4.89,9.742187,42.51165,52.25384
4.9,9.31813,42.94067,52.2588
4.91,8.903043,43.36071,52.26376
4.92,8.496996,43.7717,52.26869
4.93,8.100058,44.17357,52.27363
4.94,7.712287,44.56625,52.27854
4.95,7.333743,44.9497,52.28344
4.96,6.964475,45.32384,52.28831
4.97,6.604529,45.68866,52.29319
4.98,6.25395,46.04411,52.29806
4.99,5.912773,46.39015,52.30292
5,5.581034,46.72672,52.30776
5.01,5.258764,47.05383,52.3126
5.02,4.945988,47.37143,52.31742
5.03,4.64273,47.67952,52.32225
5.04,4.34901,47.97807,52.32708
5.05,4.064848,48.26704,52.33189
5.06,3.790256,48.54644,52.3367
5.07,3.525249,48.81626,52.34151
5.08,3.269835,49.07647,52.34631
5.09,3.024024,49.32708,52.35111
5.1,2.787822,49.56808,52.35591
5.11,2.561234,49.79947,52.3607
5.12,2.344262,50.02124,52.3655
5.13,2.136909,50.23338,52.37029
5.14,1.939174,50.4359,52.37508
5.15,1.751059,50.6288,52.37986
5.16,1.57256,50.81208,52.38464
5.17,1.403677,50.98574,52.38942
5.18,1.244405,51.1498,52.39421
5.19,1.094742,51.30425,52.39899
5.2,0.9546842,51.44908,52.40377
5.21,0.8242272,51.58433,52.40855
5.22,0.7033666,51.70996,52.41333
5.23,0.5920981,51.82602,52.41812
5.24,0.4904173,51.93247,52.42289
5.25,0.3983198,52.02935,52.42767
5.26,0.3158011,52.11666,52.43246
5.27,0.2428575,52.19437,52.43723
5.28,0.1794849,52.26252,52.44201
5.29,0.1256801,52.3211,52.44678
5.3,0.08143994,52.37012,52.45156
5.31,0.04676167,52.40959,52.45635
5.32,0.02164311,52.43949,52.46114
5.33,0.006082507,52.45984,52.46592
5.34,7.862238E-05,52.47063,52.47071
5.35,0.003630725,52.47186,52.47549
5.36,0.01673861,52.46354,52.48028
5.37,0.03940262,52.44567,52.48507
5.38,0.07162359,52.41824,52.48986
5.39,0.1134029,52.38124,52.49465
5.4,0.1647425,52.33467,52.49941
5.41,0.2256446,52.27853,52.50418
5.42,0.296112,52.21284,52.50895
5.43,0.376148,52.13757,52.51372
5.44,0.4657563,52.05274,52.5185
5.45,0.5649405,51.95834,52.52328
5.46,0.6737049,51.85436,52.52806
5.47,0.7920539,51.74078,52.53283
5.48,0.9199919,51.61762,52.53761
5.49,1.057523,51.48488,52.5424
5.5,1.204653,51.34253,52.54718
5.51,1.361385,51.19058,52.55197
5.52,1.527724,51.02902,52.55675
5.53,1.703673,50.85785,52.56152
5.54,1.889237,50.67707,52.56631
5.55,2.084417,50.48668,52.57109
5.56,2.289216,50.28666,52.57587
5.57,2.503635,50.07702,52.58065
5.58,2.727676,49.85776,52.58543
5.59,2.961337,49.62888,52.59021
5.6,3.204617,49.3904,52.59502
5.61,3.457512,49.14231,52.59983
5.62,3.720018,48.8846,52.60462
5.63,3.992129,48.61729,52.60942
5.64,4.273835,48.34038,52.61421
5.65,4.565127,48.05389,52.61902
5.66,4.865992,47.75784,52.62383
5.67,5.176414,47.45223,52.62865
5.68,5.496377,47.13709,52.63346
5.69,5.82586,46.81245,52.63831
5.7,6.164838,46.47832,52.64316
5.71,6.513285,46.13472,52.64801
5.72,6.871171,45.78171,52.65288
5.73,7.23846,45.41928,52.65774
5.74,7.615115,45.0475,52.66262
5.75,8.001094,44.66641,52.66751
5.76,8.396349,44.27607,52.67242
5.77,8.800829,43.87651,52.67734
5.78,9.214478,43.46779,52.68227
5.79,9.637232,43.04998,52.68721
5.8,10.06903,42.62316,52.69218
5.81,10.50979,42.18738,52.69717
5.82,10.95943,41.74273,52.70216
5.83,11.41788,41.2893,52.70718
5.84,11.88504,40.82718,52.71223
5.85,12.36081,40.35648,52.7173
5.86,12.84509,39.8773,52.72239
5.87,13.33776,39.38975,52.7275
5.88,13.8387,38.89394,52.73264
5.89,14.34778,38.39003,52.73781
5.9,14.86487,37.87813,52.743
5.91,15.38982,37.35841,52.74824
5.92,15.92248,36.83101,52.75349
5.93,16.46269,36.29609,52.75879
5.94,17.01027,35.75384,52.76411
5.95,17.56505,35.20444,52.76949
5.96,18.12683,34.64806,52.77489
5.97,18.69541,34.08493,52.78034
5.98,19.27058,33.51525,52.78584
5.99,19.85212,32.93924,52.79136
6,20.43981,32.35713,52.79694
6.01,21.03339,31.76917,52.80257
6.02,21.63262,31.17562,52.80824
6.03,22.23723,30.57672,52.81395
6.04,22.84696,29.97279,52.81974
6.05,23.46151,29.36408,52.82559
6.06,24.08058,28.7509,52.83148
6.07,24.70388,28.13355,52.83743
6.08,25.33108,27.51237,52.84345
6.09,25.96185,26.88767,52.84953
6.1,26.59585,26.25982,52.85567
6.11,27.23273,25.62916,52.86189
6.12,27.87212,24.99605,52.86817
6.13,28.51365,24.36086,52.87451
6.14,29.15693,23.724,52.88093
6.15,29.80157,23.08586,52.88743
6.16,30.44715,22.44686,52.89401
6.17,31.09326,21.8074,52.90067
6.18,31.73948,21.16791,52.90739
6.19,32.38535,20.52884,52.91419
6.2,33.03043,19.89065,52.92109
6.21,33.67427,19.2538,52.92807
6.22,34.3164,18.61874,52.93514
6.23,34.95634,17.98594,52.94229
6.24,35.59362,17.35592,52.94954
6.25,36.22773,16.72916,52.95688
6.26,36.85817,16.10614,52.96431
6.27,37.48445,15.48737,52.97182
6.28,38.10604,14.87339,52.97944
6.29,38.72244,14.2647,52.98714
6.3,39.33312,13.66182,52.99494
6.31,39.93756,13.06528,53.00284
6.32,40.53522,12.47561,53.01083
6.33,41.12557,11.89335,53.01891
6.34,41.70807,11.31903,53.0271
6.35,42.2822,10.75317,53.03537
6.36,42.84741,10.19634,53.04375
6.37,43.40317,9.649059,53.05223
6.38,43.94894,9.111858,53.0608
6.39,44.4842,8.585269,53.06947
6.4,45.00841,8.069818,53.07823
6.41,45.52105,7.566039,53.08709
6.42,46.02159,7.074445,53.09603
6.43,46.50953,6.595542,53.10507
6.44,46.98434,6.12984,53.11419
6.45,47.44555,5.677841,53.12339
6.46,47.89265,5.240032,53.13269
6.47,48.32517,4.816893,53.14207
6.48,48.74263,4.40889,53.15152
6.49,49.14458,4.016486,53.16107
6.5,49.53058,3.640111,53.17069
6.51,49.90019,3.280199,53.18039
6.52,50.25299,2.937167,53.19016
6.53,50.58859,2.61141,53.2
6.54,50.90659,2.303309,53.2099
6.55,51.20664,2.013225,53.21987
6.56,51.48838,1.74151,53.22989
6.57,51.75149,1.488486,53.23998
6.58,51.99566,1.254464,53.25012
6.59,52.22059,1.039724,53.26031
6.6,52.42601,0.8445364,53.27055
6.61,52.61168,0.6691382,53.28082
6.62,52.77738,0.5137536,53.29113
6.63,52.9229,0.378582,53.30148
6.64,53.04805,0.2637932,53.31185
6.65,53.15271,0.169539,53.32225
6.66,53.23673,0.095946,53.33268
6.67,53.3,0.04311384,53.34311
6.68,53.34244,0.01111812,53.35356
6.69,53.36401,1.020724E-05,53.36402
6.7,53.36466,0.00981572,53.37447
6.71,53.3444,0.04053495,53.38494
6.72,53.30325,0.09214333,53.39539
6.73,53.24124,0.16459,53.40583
6.74,53.15846,0.2578005,53.41626
6.75,53.05499,0.371676,53.42667
6.76,52.93097,0.5060873,53.43705
6.77,52.78652,0.660889,53.44741
6.78,52.62183,0.8359056,53.45774
6.79,52.43708,1.030941,53.46802
6.8,52.23249,1.245773,53.47827
6.81,52.00831,1.480157,53.48847
6.82,51.76479,1.733831,53.49862
6.83,51.50222,2.006507,53.50873
6.84,51.2209,2.297873,53.51878
6.85,50.92115,2.607608,53.52876
6.86,50.60333,2.935365,53.53869
6.87,50.26778,3.280768,53.54855
6.88,49.9149,3.643441,53.55834
6.89,49.54507,4.022981,53.56805
6.9,49.15872,4.418976,53.5777
6.91,48.75627,4.830993,53.58727
6.92,48.33817,5.258579,53.59675
6.93,47.90488,5.701278,53.60616
6.94,47.45686,6.158622,53.61548
6.95,46.99459,6.630119,53.62471
6.96,46.51857,7.115288,53.63385
6.97,46.02929,7.613614,53.64291
6.98,45.52728,8.124596,53.65187
6.99,45.01303,8.647713,53.66074
7,44.48708,9.182434,53.66951
7.01,43.94995,9.728238,53.67819
7.02,43.40219,10.28459,53.68679
7.03,42.84433,10.85096,53.69528
7.04,42.27689,11.42678,53.70368
7.05,41.70044,12.01153,53.71198
7.06,41.11552,12.60467,53.72018
7.07,40.52265,13.20564,53.72829
7.08,39.92239,13.81391,53.7363
7.09,39.31527,14.42894,53.74422
7.1,38.70184,15.0502,53.75204
7.11,38.08262,15.67713,53.75975
7.12,37.45816,16.30923,53.76739
7.13,36.82896,16.94595,53.77491
7.14,36.19556,17.58678,53.78234
7.15,35.55846,18.23122,53.78968
7.16,34.91817,18.87876,53.79694
7.17,34.2752,19.52889,53.8041
7.18,33.63004,20.18114,53.81118
7.19,32.98316,20.83499,53.81815
7.2,32.33505,21.49001,53.82506
7.21,31.68617,22.14571,53.83188
7.22,31.03698,22.80163,53.83861
7.23,30.38792,23.45735,53.84527
7.24,29.73944,24.1124,53.85184
7.25,29.09194,24.7664,53.85835
7.26,28.44587,25.4189,53.86476
7.27,27.8016,26.0695,53.87111
7.28,27.15955,26.71784,53.87739
7.29,26.52008,27.36352,53.8836
7.3,25.88357,28.00618,53.88975
7.31,25.25038,28.64544,53.89582
7.32,24.62086,29.28096,53.90182
7.33,23.99534,29.91242,53.90776
7.34,23.37414,30.5395,53.91364
7.35,22.75758,31.1619,53.91948
7.36,22.14596,31.7793,53.92525
7.37,21.53956,32.39141,53.93097
7.38,20.93867,32.99796,53.93663
7.39,20.34354,33.59869,53.94223
7.4,19.75444,34.19336,53.9478
7.41,19.17161,34.78171,53.95332
7.42,18.59528,35.36351,53.95879
7.43,18.02568,35.93855,53.96423
7.44,17.46301,36.50662,53.96963
7.45,16.90748,37.06751,53.97499
7.46,16.35928,37.62102,53.98029
7.47,15.81858,38.16698,53.98556
7.48,15.28557,38.70524,53.99081
7.49,14.7604,39.23562,53.99603
7.5,14.24323,39.75797,54.0012
7.51,13.73419,40.27215,54.00635
7.52,13.23343,40.77802,54.01145
7.53,12.74108,41.27547,54.01654
7.54,12.25724,41.76437,54.02162
7.55,11.78204,42.24463,54.02666
7.56,11.31557,42.71611,54.03168
7.57,10.85794,43.17873,54.03667
7.58,10.40922,43.63244,54.04166
7.59,9.969513,44.0771,54.04662
7.6,9.538879,44.51268,54.05156
7.61,9.117393,44.9391,54.05649
7.62,8.705121,45.35629,54.06141
7.63,8.302117,45.76419,54.06631
7.64,7.908437,46.16275,54.07119
7.65,7.524126,46.55194,54.07607
7.66,7.149228,46.93171,54.08093
7.67,6.783782,47.302,54.08578
7.68,6.42782,47.66279,54.09061
7.69,6.081373,48.01408,54.09545
7.7,5.744465,48.35582,54.10028
7.71,5.417121,48.68798,54.1051
7.72,5.099358,49.01056,54.10991
7.73,4.791193,49.32353,54.11472
7.74,4.492639,49.62688,54.11952
7.75,4.203704,49.92062,54.12432
7.76,3.924399,50.20471,54.12911
7.77,3.654727,50.47917,54.1339
7.78,3.394692,50.74399,54.13868
7.79,3.144297,50.99916,54.14346
7.8,2.90354,51.24468,54.14822
7.81,2.672421,51.48056,54.15298
7.82,2.450936,51.70681,54.15775
7.83,2.239081,51.92342,54.1625
7.84,2.036851,52.13041,54.16726
7.85,1.84424,52.32779,54.17202
7.86,1.661241,52.51553,54.17677
7.87,1.487848,52.69368,54.18152
7.88,1.324051,52.86222,54.18627
7.89,1.169844,53.02117,54.19101
7.9,1.025218,53.17055,54.19577
7.91,0.8901652,53.31036,54.20052
7.92,0.7646765,53.44058,54.20526
7.93,0.648744,53.56127,54.21001
7.94,0.54236,53.67241,54.21477
7.95,0.4455166,53.77399,54.21951
7.96,0.3582064,53.86604,54.22425
7.97,0.2804227,53.94857,54.229
7.98,0.2121591,54.02158,54.23374
7.99,0.1534099,54.08508,54.23848
8,0.1041698,54.13905,54.24322
8.01,0.06443431,54.18353,54.24796
8.02,0.03419966,54.21852,54.25272
8.03,0.01346276,54.244,54.25746
8.04,0.0022213,54.25998,54.2622
8.05,0.0004737316,54.26649,54.26696
8.06,0.008219314,54.26349,54.27171
8.07,0.0254581,54.25099,54.27645
8.08,0.05219094,54.22902,54.28121
8.09,0.08841947,54.19754,54.28596
8.1,0.1341461,54.15655,54.2907
8.11,0.1893741,54.10606,54.29543
8.12,0.2541073,54.04608,54.30019
8.13,0.3283502,53.97658,54.30493
8.14,0.4121084,53.89757,54.30968
8.15,0.5053875,53.80903,54.31442
8.16,0.6081942,53.71097,54.31916
8.17,0.7205353,53.60337,54.32391
8.18,0.8424183,53.48624,54.32866
8.19,0.9738511,53.35955,54.3334
8.2,1.114842,53.2233,54.33814
8.21,1.265398,53.07749,54.34289
8.22,1.425529,52.92212,54.34765
8.23,1.595243,52.75716,54.3524
8.24,1.774549,52.5826,54.35715
8.25,1.963454,52.39844,54.3619
8.26,2.161966,52.20467,54.36663
8.27,2.370093,52.00129,54.37138
8.28,2.587842,51.7883,54.37614
8.29,2.815218,51.56568,54.3809
8.3,3.052228,51.33344,54.38567
8.31,3.298875,51.09156,54.39043
8.32,3.555162,50.84002,54.39519
8.33,3.821093,50.57887,54.39996
8.34,4.096665,50.30807,54.40474
8.35,4.381879,50.02763,54.40951
8.36,4.676731,49.73755,54.41428
8.37,4.981215,49.43785,54.41906
8.38,5.295325,49.12852,54.42385
8.39,5.61905,48.80959,54.42864
8.4,5.952377,48.48107,54.43344
8.41,6.295291,48.14296,54.43826
8.42,6.647774,47.7953,54.44307
8.43,7.009803,47.4381,54.4479
8.44,7.381352,47.07138,54.45274
8.45,7.762394,46.69521,54.4576
8.46,8.152892,46.30958,54.46247
8.47,8.552811,45.91454,54.46735
8.48,8.962107,45.51014,54.47224
8.49,9.380733,45.09643,54.47716
8.5,9.808637,44.67346,54.48209
8.51,10.24576,44.24128,54.48704
8.52,10.69204,43.79994,54.49199
8.53,11.14741,43.34954,54.49696
8.54,11.6118,42.89017,54.50196
8.55,12.08511,42.42187,54.50697
8.56,12.56726,41.94474,54.512
8.57,13.05816,41.45891,54.51707
8.58,13.5577,40.96445,54.52215
8.59,14.06578,40.46148,54.52726
8.6,14.58226,39.95015,54.53241
8.61,15.10704,39.43055,54.53759
8.62,15.63997,38.90283,54.5428
8.63,16.1809,38.36714,54.54804
8.64,16.72969,37.82364,54.55332
8.65,17.28617,37.27246,54.55862
8.66,17.85017,36.7138,54.56397
8.67,18.42151,36.14784,54.56936
8.68,19,35.57478,54.57478
8.69,19.58544,34.99483,54.58027
8.7,20.17761,34.40817,54.58578
8.71,20.77629,33.81505,54.59135
8.72,21.38126,33.21571,54.59697
8.73,21.99225,32.61038,54.60264
8.74,22.60903,31.99933,54.60836
8.75,23.23132,31.38284,54.61415
8.76,23.85883,30.76115,54.61998
8.77,24.49128,30.1346,54.62589
8.78,25.12838,29.50346,54.63184
8.79,25.7698,28.86807,54.63787
8.8,26.41522,28.22875,54.64397
8.81,27.0643,27.58582,54.65012
8.82,27.7167,26.93966,54.65636
8.83,28.37204,26.29062,54.66266
8.84,29.02996,25.63907,54.66904
8.85,29.69008,24.98541,54.67549
8.86,30.35199,24.33002,54.68201
8.87,31.01528,23.67333,54.68861
8.88,31.67955,23.01576,54.6953
8.89,32.34435,22.35773,54.70207
8.9,33.00925,21.69969,54.70894
8.91,33.67379,21.04211,54.7159
8.92,34.33751,20.38541,54.72292
8.93,34.99994,19.73012,54.73006
8.94,35.6606,19.07668,54.73727
8.95,36.31899,18.42559,54.74458
8.96,36.97461,17.77737,54.75198
8.97,37.62696,17.13253,54.75949
8.98,38.27553,16.49157,54.7671
8.99,38.91978,15.85503,54.77481
9,39.55919,15.22342,54.7826
9.01,40.19321,14.59728,54.79049
9.02,40.82132,13.97718,54.7985
9.03,41.44296,13.36364,54.8066
9.04,42.05759,12.75721,54.8148
9.05,42.66465,12.15845,54.8231
9.06,43.26359,11.56793,54.83152
9.07,43.85385,10.98618,54.84003
9.08,44.43488,10.41376,54.84864
9.09,45.00612,9.851239,54.85736
9.1,45.56702,9.299168,54.86618
9.11,46.11702,8.758083,54.8751
9.12,46.65557,8.228558,54.88412
9.13,47.18213,7.711116,54.89325
9.14,47.69616,7.206304,54.90246
9.15,48.19712,6.714658,54.91178
9.16,48.68449,6.236692,54.92118
9.17,49.15776,5.772926,54.93068
9.18,49.6164,5.323877,54.94028
9.19,50.05993,4.89003,54.94996
9.2,50.48786,4.471877,54.95974
9.21,50.8997,4.069886,54.96959
9.22,51.29501,3.684513,54.97953
9.23,51.67333,3.316206,54.98954
9.24,52.03424,2.965397,54.99963
9.25,52.37732,2.632491,55.00981
9.26,52.70216,2.317885,55.02005
9.27,53.00839,2.021962,55.03035
9.28,53.29565,1.745073,55.04072
9.29,53.5636,1.487553,55.05116
9.3,53.81192,1.249718,55.06163
9.31,54.04031,1.031862,55.07217
9.32,54.24849,0.8342605,55.08275
9.33,54.43621,0.6571615,55.09337
9.34,54.60325,0.5007923,55.10405
9.35,54.74939,0.3653522,55.11474
9.36,54.87445,0.2510166,55.12547
9.37,54.97829,0.1579384,55.13623
9.38,55.06076,0.0862427,55.14701
9.39,55.12177,0.03603061,55.15779
9.4,55.16122,0.007376398,55.1686
9.41,55.17908,0.0003273421,55.17941
9.42,55.17532,0.01490491,55.19023
9.43,55.14993,0.05110338,55.20103
9.44,55.10294,0.1088914,55.21183
9.45,55.03441,0.1882103,55.22262
9.46,54.94442,0.288977,55.2334
9.47,54.83307,0.4110805,55.24415
9.48,54.7005,0.5543829,55.25488
9.49,54.54686,0.7187243,55.26558
9.5,54.37232,0.9039201,55.27624
9.51,54.1771,1.109752,55.28685
9.52,53.96144,1.335992,55.29743
9.53,53.72558,1.582377,55.30796
9.54,53.46981,1.848627,55.31844
9.55,53.19442,2.134433,55.32885
9.56,52.89974,2.43947,55.33921
9.57,52.58611,2.763392,55.34951
9.58,52.2539,3.105832,55.35973
9.59,51.90349,3.466405,55.3699
9.6,51.53527,3.844705,55.37997
9.61,51.14967,4.240309,55.38998
9.62,50.74712,4.652786,55.39991
9.63,50.32809,5.081668,55.40976
9.64,49.89301,5.526493,55.41951
9.65,49.44239,5.986784,55.42917
9.66,48.9767,6.462049,55.43875
9.67,48.49646,6.951777,55.44824
9.68,48.00218,7.455452,55.45763
9.69,47.49438,7.97255,55.46693
9.7,46.9736,8.502535,55.47614
9.71,46.44038,9.044863,55.48524
9.72,45.89525,9.598983,55.49423
9.73,45.33877,10.16436,55.50314
9.74,44.7715,10.74043,55.51193
9.75,44.194,11.32663,55.52063
9.76,43.60682,11.9224,55.52922
9.77,43.01053,12.52718,55.5377
9.78,42.40569,13.14039,55.54609
9.79,41.79287,13.7615,55.55437
9.8,41.17263,14.38993,55.56255
9.81,40.54552,15.02511,55.57063
9.82,39.9121,15.6665,55.5786
9.83,39.27292,16.31355,55.58647
9.84,38.62853,16.9657,55.59423
9.85,37.97947,17.62242,55.60189
9.86,37.32628,18.28317,55.60945
9.87,36.66949,18.94744,55.61693
9.88,36.00961,19.61469,55.6243
9.89,35.34716,20.28442,55.63158
9.9,34.68266,20.95612,55.63877
9.91,34.01658,21.62929,55.64587
9.92,33.34942,22.30346,55.65287
9.93,32.68166,22.97813,55.65979
9.94,32.01376,23.65286,55.66661
9.95,31.34617,24.32718,55.67335
9.96,30.67935,25.00065,55.68
9.97,30.01373,25.67285,55.68658
9.98,29.34972,26.34333,55.69305
9.99,28.68775,27.01172,55.69947
10,28.0282,27.67759,55.70579
10.01,27.37147,28.34057,55.71204
10.02,26.71793,29.0003,55.71824
10.03,26.06794,29.6564,55.72434
10.04,25.42186,30.30853,55.73039
10.05,24.78001,30.95635,55.73636
10.06,24.14273,31.59954,55.74227
10.07,23.51033,32.23779,55.74812
10.08,22.88311,32.8708,55.75392
10.09,22.26137,33.49829,55.75966
10.1,21.64536,34.11999,55.76536
10.11,21.03538,34.73561,55.77099
10.12,20.43165,35.34491,55.77657
10.13,19.83444,35.94766,55.7821
10.14,19.24397,36.54361,55.78758
10.15,18.66046,37.13256,55.79302
10.16,18.08411,37.71429,55.7984
10.17,17.51513,38.28863,55.80376
10.18,16.95371,38.85538,55.80908
10.19,16.40001,39.41433,55.81435
10.2,15.85422,39.96536,55.81958
10.21,15.31648,40.50829,55.82477
10.22,14.78694,41.04299,55.82993
10.23,14.26575,41.56931,55.83506
10.24,13.75303,42.08714,55.84017
10.25,13.2489,42.59636,55.84526
10.26,12.75348,43.09683,55.85032
10.27,12.26688,43.58846,55.85534
10.28,11.78918,44.07116,55.86034
10.29,11.32048,44.54485,55.86533
10.3,10.86087,45.00943,55.8703
10.31,10.41041,45.46482,55.87523
10.32,9.969183,45.91098,55.88016
10.33,9.537243,46.34782,55.88507
10.34,9.11465,46.7753,55.88995
10.35,8.701455,47.19336,55.89481
10.36,8.297704,47.60196,55.89966
10.37,7.903437,48.00108,55.90451
10.38,7.518691,48.39066,55.90935
10.39,7.143497,48.77067,55.91417
10.4,6.777881,49.1411,55.91898
10.41,6.421866,49.50192,55.92379
10.42,6.075473,49.85311,55.92858
10.43,5.738714,50.19465,55.93336
10.44,5.411604,50.52654,55.93814
10.45,5.094151,50.84876,55.94291
10.46,4.786362,51.16131,55.94767
10.47,4.488239,51.46418,55.95242
10.48,4.199786,51.75737,55.95715
10.49,3.920999,52.04089,55.96189
10.5,3.651876,52.31476,55.96664
10.51,3.392414,52.57895,55.97136
10.52,3.142604,52.83348,55.97609
10.53,2.902441,53.07836,55.9808
10.54,2.671914,53.3136,55.98551
10.55,2.451015,53.53922,55.99023
10.56,2.239731,53.75521,55.99494
10.57,2.038053,53.9616,55.99965
10.58,1.845966,54.15839,56.00436
10.59,1.66346,54.34561,56.00907
10.6,1.490521,54.52325,56.01377
10.61,1.327137,54.69135,56.01848
10.62,1.173294,54.84989,56.02318
10.63,1.028979,54.99891,56.02789
10.64,0.8941798,55.13841,56.03259
10.65,0.7688839,55.26841,56.03729
10.66,0.6530792,55.38892,56.042
10.67,0.5467542,55.49995,56.04671
10.68,0.4498977,55.60151,56.05141
10.69,0.3624997,55.69362,56.05612
10.7,0.2845504,55.77627,56.06082
10.71,0.2160409,55.84948,56.06552
10.72,0.1569633,55.91325,56.07022
10.73,0.1073104,55.96761,56.07492
10.74,0.06707596,56.01254,56.07962
10.75,0.03625488,56.04806,56.08432
10.76,0.01484286,56.07417,56.08901
10.77,0.002836709,56.09088,56.09372
10.78,0.0002342818,56.09819,56.09842
10.79,0.007034478,56.09608,56.10312
10.8,0.02323727,56.08459,56.10783
10.81,0.04884369,56.06369,56.11253
10.82,0.08385585,56.03338,56.11723
10.83,0.1282769,55.99365,56.12193
10.84,0.182111,55.94453,56.12664
10.85,0.2453633,55.88598,56.13135
10.86,0.3180401,55.81801,56.13605
10.87,0.4001483,55.7406,56.14075
10.88,0.4916961,55.65376,56.14546
10.89,0.5926923,55.55748,56.15017
10.9,0.7031463,55.45171,56.15486
10.91,0.8230687,55.33649,56.15956
10.92,0.9524706,55.2118,56.16426
10.93,1.091363,55.0776,56.16896
10.94,1.239759,54.9339,56.17366
10.95,1.397671,54.78068,56.17835
10.96,1.56511,54.61794,56.18304
10.97,1.742092,54.44565,56.18774
10.98,1.928628,54.26382,56.19245
10.99,2.124732,54.07241,56.19715
11,2.330416,53.87144,56.20186
11.01,2.545695,53.66088,56.20657
11.02,2.770579,53.44071,56.21129
11.03,3.005081,53.21093,56.21601
11.04,3.249212,52.9715,56.22071
11.05,3.502983,52.72245,56.22544
11.06,3.766401,52.46375,56.23015
11.07,4.039477,52.1954,56.23487
11.08,4.322216,51.91738,56.2396
11.09,4.614624,51.62971,56.24433
11.1,4.916704,51.33237,56.24908
11.11,5.228458,51.02536,56.25381
11.12,5.549885,50.70869,56.25857
11.13,5.880982,50.38235,56.26333
11.14,6.221745,50.04635,56.26809
11.15,6.572164,49.7007,56.27286
11.16,6.932229,49.34542,56.27765
11.17,7.301924,48.98054,56.28246
11.18,7.681232,48.60602,56.28725
11.19,8.070132,48.22193,56.29206
11.2,8.468598,47.82829,56.29688
11.21,8.876599,47.42512,56.30172
11.22,9.294102,47.01246,56.30656
11.23,9.721066,46.59038,56.31145
11.24,10.15745,46.15889,56.31634
11.25,10.6032,45.71804,56.32123
11.26,11.05826,45.2679,56.32616
11.27,11.52257,44.80854,56.3311
11.28,11.99606,44.34001,56.33607
11.29,12.47867,43.8624,56.34107
11.3,12.9703,43.37577,56.34607
11.31,13.47087,42.88025,56.35112
11.32,13.98029,42.37589,56.35618
11.33,14.49845,41.86282,56.36126
11.34,15.02523,41.34115,56.36638
11.35,15.56054,40.81101,56.37155
11.36,16.10422,40.27253,56.37675
11.37,16.65615,39.72581,56.38197
11.38,17.21618,39.17105,56.38723
11.39,17.78416,38.60836,56.39252
11.4,18.35991,38.03796,56.39787
11.41,18.94327,37.45998,56.40326
11.42,19.53405,36.87463,56.40868
11.43,20.13205,36.2821,56.41415
11.44,20.73707,35.68259,56.41966
11.45,21.34888,35.07636,56.42524
11.46,21.96727,34.4636,56.43086
11.47,22.59198,33.84456,56.43654
11.48,23.22277,33.2195,56.44226
11.49,23.85937,32.58868,56.44805
11.5,24.5015,31.95239,56.45389
11.51,25.14889,31.31091,56.4598
11.52,25.80122,30.66457,56.46579
11.53,26.45819,30.01364,56.47182
11.54,27.11946,29.35847,56.47794
11.55,27.78472,28.6994,56.48412
11.56,28.45359,28.0368,56.49039
11.57,29.12572,27.37099,56.4967
11.58,29.80073,26.70238,56.50312
11.59,30.47825,26.03136,56.50961
11.6,31.15786,25.35832,56.51618
11.61,31.83916,24.68368,56.52284
11.62,32.52171,24.00787,56.52958
11.63,33.2051,23.33131,56.53642
11.64,33.88886,22.65448,56.54334
11.65,34.57254,21.97781,56.55035
11.66,35.25567,21.30179,56.55746
11.67,35.93776,20.6269,56.56467
11.68,36.61833,19.95363,56.57197
11.69,37.29688,19.28249,56.57937
11.7,37.97289,18.61399,56.58688
11.71,38.64585,17.94864,56.59449
11.72,39.31522,17.28697,56.60219
11.73,39.98046,16.62955,56.61001
11.74,40.64104,15.97688,56.61793
11.75,41.29641,15.32955,56.62596
11.76,41.946,14.6881,56.63409
11.77,42.58925,14.05308,56.64233
11.78,43.2256,13.42508,56.65068
11.79,43.85448,12.80466,56.65914
11.8,44.47531,12.1924,56.66771
11.81,45.08752,11.58887,56.67638
11.82,45.69053,10.99465,56.68517
11.83,46.28376,10.41031,56.69407
11.84,46.86663,9.836437,56.70307
11.85,47.43859,9.273591,56.71218
11.86,47.99904,8.722353,56.72139
11.87,48.54742,8.183297,56.73072
11.88,49.08318,7.656979,56.74015
11.89,49.60574,7.143947,56.74969
11.9,50.11457,6.644765,56.75933
11.91,50.60911,6.159963,56.76907
11.92,51.08883,5.690074,56.77891
11.93,51.55322,5.235628,56.78885
11.94,52.00175,4.797122,56.79887
11.95,52.43392,4.37507,56.80899
11.96,52.84925,3.969942,56.81919
11.97,53.24727,3.582211,56.82948
11.98,53.62752,3.212334,56.83986
11.99,53.98957,2.86075,56.85032
12,54.33297,2.527878,56.86085
12.01,54.65734,2.214112,56.87146
12.02,54.9623,1.91984,56.88213
12.03,55.24746,1.64542,56.89288
12.04,55.51249,1.391192,56.90368
12.05,55.75706,1.157469,56.91454
12.06,55.9809,0.9445495,56.92545
12.07,56.18371,0.7527017,56.93641
12.08,56.36524,0.5821735,56.94741
12.09,56.52528,0.4331834,56.95846
12.1,56.6636,0.3059283,56.96953
12.11,56.78006,0.2005757,56.98064
12.12,56.8745,0.1172712,56.99177
12.13,56.94679,0.05612743,57.00292
12.14,56.99685,0.01723515,57.01409
12.15,57.0246,0.0006548998,57.02526
12.16,57.03001,0.00642075,57.03643
12.17,57.01307,0.03453864,57.04761
12.18,56.97379,0.08498637,57.05878
12.19,56.91222,0.1577155,57.06993
12.2,56.82842,0.2526467,57.08107
12.21,56.72252,0.3696767,57.0922
12.22,56.59462,0.5086764,57.10329
12.23,56.44487,0.6694835,57.11435
12.24,56.27346,0.8519155,57.12538
12.25,56.0806,1.055765,57.13637
12.26,55.86652,1.280789,57.14731
12.27,55.63148,1.526729,57.15821
12.28,55.37574,1.793303,57.16905
12.29,55.09962,2.080198,57.17982
12.3,54.80346,2.387086,57.19054
12.31,54.48758,2.713614,57.2012
12.32,54.15237,3.059404,57.21178
12.33,53.79823,3.42406,57.22229
12.34,53.42555,3.807168,57.23272
12.35,53.03477,4.208295,57.24306
12.36,52.62633,4.62699,57.25332
12.37,52.20071,5.062793,57.2635
12.38,51.75838,5.51521,57.27359
12.39,51.29983,5.983748,57.28358
12.4,50.82557,6.467905,57.29347
12.41,50.33612,6.96715,57.30328
12.42,49.83202,7.480954,57.31297
12.43,49.3138,8.008775,57.32257
12.44,48.78201,8.55005,57.33206
12.45,48.23722,9.104229,57.34145
12.46,47.67999,9.670744,57.35073
12.47,47.11088,10.24902,57.35989
12.48,46.53048,10.83848,57.36896
12.49,45.93935,11.43856,57.37791
12.5,45.3381,12.04866,57.38676
12.51,44.72729,12.6682,57.3955
12.52,44.10752,13.2966,57.40413
12.53,43.47937,13.93327,57.41264
12.54,42.84341,14.57764,57.42105
12.55,42.20023,15.2291,57.42933
12.56,41.55041,15.88712,57.43752
12.57,40.89451,16.55109,57.44559
12.58,40.2331,17.22046,57.45356
12.59,39.56675,17.89466,57.46141
12.6,38.89602,18.57314,57.46916
12.61,38.22145,19.25537,57.47682
12.62,37.54358,19.94078,57.48436
12.63,36.86295,20.62886,57.49181
12.64,36.18007,21.31908,57.49915
12.65,35.49547,22.01093,57.50639
12.66,34.80964,22.70391,57.51355
12.67,34.12309,23.39752,57.52061
12.68,33.43629,24.09127,57.52757
12.69,32.74973,24.7847,57.53443
12.7,32.06384,25.47735,57.54119
12.71,31.3791,26.16878,57.54788
12.72,30.69592,26.85854,57.55447
12.73,30.01475,27.54624,57.56099
12.74,29.33599,28.23143,57.56742
12.75,28.66003,28.91373,57.57376
12.76,27.98727,29.59276,57.58003
12.77,27.31808,30.26814,57.58622
12.78,26.65282,30.93953,57.59235
12.79,25.99184,31.60657,57.5984
12.8,25.33547,32.26892,57.60439
12.81,24.68404,32.92628,57.61031
12.82,24.03785,33.57831,57.61616
12.83,23.39721,34.22474,57.62195
12.84,22.7624,34.86529,57.62769
12.85,22.13368,35.49968,57.63336
12.86,21.51132,36.12764,57.63897
12.87,20.89557,36.74895,57.64452
12.88,20.28666,37.36338,57.65004
12.89,19.68482,37.97069,57.65551
12.9,19.09025,38.57066,57.66092
12.91,18.50317,39.16312,57.66629
12.92,17.92375,39.74786,57.67161
12.93,17.35218,40.32469,57.67687
12.94,16.78863,40.89349,57.68212
12.95,16.23326,41.45406,57.68732
12.96,15.68621,42.00628,57.69249
12.97,15.14763,42.55,57.69763
12.98,14.61764,43.08509,57.70273
12.99,14.09636,43.61142,57.70779
13,13.58392,44.1289,57.71281
13.01,13.0804,44.63743,57.71783
13.02,12.58591,45.13691,57.72282
13.03,12.10053,45.62724,57.72776
13.04,11.62434,46.10836,57.7327
13.05,11.15743,46.5802,57.73763
13.06,10.69984,47.04267,57.74251
13.07,10.25165,47.49574,57.74739
13.08,9.812912,47.93933,57.75224
13.09,9.383663,48.37341,57.75707
13.1,8.96395,48.79794,57.76189
13.11,8.55381,49.21287,57.76668
13.12,8.153275,49.61819,57.77147
13.13,7.762371,50.01387,57.77624
13.14,7.381119,50.39988,57.781
13.15,7.009539,50.77621,57.78575
13.16,6.647644,51.14284,57.79049
13.17,6.295444,51.49978,57.79523
13.18,5.952947,51.84701,57.79995
13.19,5.620155,52.1845,57.80466
13.2,5.297071,52.51229,57.80936
13.21,4.983692,52.83038,57.81407
13.22,4.680015,53.13875,57.81877
13.23,4.386031,53.43742,57.82345
13.24,4.101733,53.72641,57.82814
13.25,3.827111,54.00571,57.83282
13.26,3.562152,54.27534,57.83749
13.27,3.306843,54.53531,57.84216
13.28,3.06117,54.78566,57.84683
13.29,2.825116,55.02638,57.85149
13.3,2.598666,55.25749,57.85616
13.31,2.381802,55.47901,57.86081
13.32,2.174506,55.69095,57.86546
13.33,1.976761,55.89336,57.87012
13.34,1.788548,56.08623,57.87477
13.35,1.609849,56.26956,57.87941
13.36,1.440645,56.44341,57.88405
13.37,1.280917,56.6078,57.88871
13.38,1.130649,56.76273,57.89338
13.39,0.9898234,56.90821,57.89804
13.4,0.858422,57.04428,57.9027
13.41,0.736429,57.17092,57.90735
13.42,0.6238286,57.28816,57.91199
13.43,0.5206059,57.396,57.91661
13.44,0.4267468,57.49451,57.92126
13.45,0.3422383,57.58364,57.92588
13.46,0.2670682,57.66345,57.93052
13.47,0.2012255,57.73395,57.93518
13.48,0.1447003,57.7951,57.9398
13.49,0.09748372,57.84695,57.94444
13.5,0.0595683,57.88951,57.94907
13.51,0.03094772,57.92278,57.95372
13.52,0.01161691,57.94676,57.95838
13.53,0.001572138,57.96146,57.96304
13.54,0.0008109687,57.96688,57.9677
13.55,0.009332293,57.96302,57.97235
13.56,0.02713633,57.94984,57.97698
13.57,0.05422465,57.92737,57.9816
13.58,0.0906001,57.89562,57.98622
13.59,0.1362669,57.85458,57.99085
13.6,0.1912305,57.80425,57.99548
13.61,0.2554977,57.74462,58.00011
13.62,0.3290765,57.67569,58.00476
13.63,0.411976,57.59744,58.00942
13.64,0.5042065,57.50983,58.01404
13.65,0.6057796,57.4129,58.01868
13.66,0.7167078,57.30663,58.02334
13.67,0.8370044,57.19096,58.02797
13.68,0.9666839,57.06594,58.03262
13.69,1.105762,56.9315,58.03727
13.7,1.254254,56.78764,58.04189
13.71,1.412176,56.63434,58.04652
13.72,1.579548,56.47163,58.05118
13.73,1.756385,56.29946,58.05584
13.74,1.942706,56.11778,58.06049
13.75,2.13853,55.92659,58.06512
13.76,2.343875,55.7259,58.06978
13.77,2.558761,55.51567,58.07443
13.78,2.783204,55.29589,58.07909
13.79,3.017224,55.06651,58.08374
13.8,3.260839,54.82756,58.0884
13.81,3.514065,54.579,58.09307
13.82,3.776919,54.32082,58.09774
13.83,4.049417,54.05298,58.1024
13.84,4.331574,53.7755,58.10707
13.85,4.623403,53.48835,58.11176
13.86,4.924916,53.19153,58.11644
13.87,5.236123,52.885,58.12112
13.88,5.557032,52.56878,58.12582
13.89,5.887651,52.24286,58.13051
13.9,6.227984,51.90723,58.13522
13.91,6.578031,51.5619,58.13993
13.92,6.937793,51.20687,58.14466
13.93,7.307264,50.84212,58.14939
13.94,7.686439,50.4677,58.15414
13.95,8.075305,50.0836,58.15891
13.96,8.473848,49.68982,58.16367
13.97,8.882052,49.2864,58.16845
13.98,9.299892,48.87336,58.17325
13.99,9.727342,48.45072,58.17806
14,10.16437,48.01852,58.18289
14.01,10.61094,47.5768,58.18774
14.02,11.067,47.1256,58.1926
14.03,11.53252,46.66496,58.19748
14.04,12.00743,46.19495,58.20238
14.05,12.49168,45.71563,58.20731
14.06,12.98519,45.22706,58.21225
14.07,13.4879,44.72932,58.21722
14.08,13.99973,44.22251,58.22224
14.09,14.52057,43.7067,58.22727
14.1,15.05035,43.18198,58.23234
14.11,15.58895,42.64847,58.23742
14.12,16.13626,42.10629,58.24255
14.13,16.69216,41.55556,58.24772
14.14,17.25651,40.99642,58.25293
14.15,17.82918,40.42898,58.25816
14.16,18.41002,39.85342,58.26344
14.17,18.99886,39.2699,58.26876
14.18,19.59554,38.67858,58.27412
14.19,20.19987,38.07965,58.27953
14.2,20.81167,37.47333,58.285
14.21,21.43072,36.85979,58.29051
14.22,22.05682,36.23925,58.29607
14.23,22.68973,35.61195,58.30168
14.24,23.32922,34.97813,58.30735
14.25,23.97505,34.33804,58.31309
14.26,24.62694,33.69195,58.31889
14.27,25.28462,33.04013,58.32475
14.28,25.94781,32.38286,58.33067
14.29,26.61621,31.72047,58.33667
14.3,27.28949,31.05325,58.34274
14.31,27.96734,30.38153,58.34887
14.32,28.64941,29.70567,58.35508
14.33,29.33536,29.02602,58.36138
14.34,30.02482,28.34294,58.36776
14.35,30.7174,27.65682,58.37422
14.36,31.41273,26.96804,58.38077
14.37,32.11038,26.27702,58.3874
14.38,32.80995,25.58417,58.39412
14.39,33.511,24.88993,58.40093
14.4,34.2131,24.19475,58.40784
14.41,34.91578,23.49907,58.41485
14.42,35.61858,22.80337,58.42194
14.43,36.32101,22.10812,58.42913
14.44,37.02259,21.41384,58.43643
14.45,37.72282,20.721,58.44382
14.46,38.42118,20.03016,58.45134
14.47,39.11715,19.3418,58.45895
14.48,39.8102,18.65647,58.46667
14.49,40.49977,17.97473,58.47449
14.5,41.18532,17.2971,58.48243
14.51,41.8663,16.62418,58.49047
14.52,42.54213,15.95651,58.49864
14.53,43.21223,15.29468,58.50691
14.54,43.87605,14.63927,58.51531
14.55,44.53297,13.99084,58.52382
14.56,45.18242,13.35001,58.53243
14.57,45.8238,12.71738,58.54118
14.58,46.45652,12.09352,58.55004
14.59,47.07998,11.47904,58.55902
14.6,47.69358,10.87453,58.56811
14.61,48.29672,10.2806,58.57732
14.62,48.88881,9.69784,58.58665
14.63,49.46924,9.126842,58.59608
14.64,50.03744,8.568191,58.60563
14.65,50.59281,8.022478,58.61529
14.66,51.13478,7.490287,58.62506
14.67,51.66275,6.972194,58.63494
14.68,52.17618,6.468751,58.64493
14.69,52.6745,5.980526,58.65503
14.7,53.15717,5.508061,58.66523
14.71,53.62365,5.051887,58.67553
14.72,54.0734,4.61253,58.68593
14.73,54.50592,4.190494,58.69642
14.74,54.92073,3.786273,58.707
14.75,55.31734,3.400339,58.71767
14.76,55.69527,3.03316,58.72843
14.77,56.0541,2.685179,58.73928
14.78,56.39338,2.356808,58.75019
14.79,56.71273,2.048458,58.76119
14.8,57.01174,1.760507,58.77225
14.81,57.29007,1.493312,58.78338
14.82,57.54736,1.247213,58.79457
14.83,57.78331,1.022525,58.80583
14.84,57.99761,0.8195271,58.81713
14.85,58.18999,0.6384893,58.82848
14.86,58.36023,0.4796447,58.83988
14.87,58.5081,0.3432043,58.8513
14.88,58.63342,0.2293511,58.86277
14.89,58.73603,0.1382385,58.87426
14.9,58.81578,0.06999442,58.88578
14.91,58.87259,0.0247183,58.8973
14.92,58.90636,0.002480647,58.90884
14.93,58.91706,0.003322935,58.92039
14.94,58.90468,0.02725753,58.93194
14.95,58.86921,0.07426767,58.94348
14.96,58.8107,0.1443075,58.95501
14.97,58.72922,0.2373043,58.96652
14.98,58.62486,0.3531532,58.97801
14.99,58.49776,0.4917248,58.98948
15,58.34806,0.6528561,59.00092
15.01,58.17595,0.8363624,59.01231
15.02,57.98164,1.042033,59.02367
15.03,57.76535,1.269622,59.03498
15.04,57.52736,1.518865,59.04623
15.05,57.26796,1.789467,59.05742
15.06,56.98745,2.081109,59.06855
15.07,56.68617,2.393453,59.07962
15.08,56.36449,2.726129,59.09062
15.09,56.0228,3.078761,59.10156
15.1,55.66147,3.450928,59.1124
15.11,55.28095,3.842211,59.12316
15.12,54.88168,4.252154,59.13384
15.13,54.46413,4.680302,59.14443
15.14,54.02876,5.126159,59.15491
15.15,53.57608,5.589235,59.16531
15.16,53.10661,6.069013,59.17562
15.17,52.62085,6.564959,59.18581
15.18,52.11936,7.076537,59.1959
15.19,51.60269,7.6032,59.20589
15.2,51.0714,8.144376,59.21577
15.21,50.52605,8.699492,59.22554
15.22,49.96724,9.26797,59.23521
15.23,49.39553,9.849219,59.24475
15.24,48.81153,10.44266,59.25418
15.25,48.21582,11.04768,59.2635
15.26,47.60903,11.66368,59.27271
15.27,46.99174,12.29006,59.2818
15.28,46.36456,12.92621,59.29077
15.29,45.7281,13.57151,59.29961
15.3,45.08295,14.22538,59.30834
15.31,44.42973,14.88721,59.31694
15.32,43.76905,15.5564,59.32545
15.33,43.10148,16.23236,59.33384
15.34,42.42763,16.91447,59.3421
15.35,41.74807,17.60218,59.35025
15.36,41.06341,18.29488,59.35829
15.37,40.37421,18.99199,59.3662
15.38,39.68104,19.69297,59.37401
15.39,38.98445,20.39726,59.38171
15.4,38.285,21.1043,59.3893
15.41,37.58324,21.81354,59.39678
15.42,36.87969,22.52447,59.40416
15.43,36.17487,23.23656,59.41143
15.44,35.46929,23.94931,59.41859
15.45,34.76345,24.66222,59.42567
15.46,34.05784,25.3748,59.43263
15.47,33.35293,26.08659,59.43951
15.48,32.64918,26.7971,59.44628
15.49,31.94705,27.50592,59.45296
15.5,31.24696,28.21261,59.45957
15.51,30.54935,28.91672,59.46607
15.52,29.85462,29.61787,59.47249
15.53,29.16317,30.31566,59.47883
15.54,28.47538,31.00971,59.48509
15.55,27.79162,31.69966,59.49128
15.56,27.11225,32.38513,59.49738
15.57,26.4376,33.06581,59.50341
15.58,25.76802,33.74135,59.50937
15.59,25.10381,34.41144,59.51524
15.6,24.44527,35.0758,59.52106
15.61,23.7927,35.73412,59.52681
15.62,23.14637,36.38613,59.5325
15.63,22.50654,37.0316,59.53814
15.64,21.87347,37.67023,59.5437
15.65,21.24739,38.30183,59.54923
15.66,20.62854,38.92616,59.5547
15.67,20.01711,39.543,59.56011
15.68,19.41332,40.15215,59.56547
15.69,18.81736,40.75343,59.57079
15.7,18.22939,41.34666,59.57606
15.71,17.64961,41.93169,59.58129
15.72,17.07815,42.50834,59.58649
15.73,16.51517,43.07647,59.59164
15.74,15.96081,43.63595,59.59676
15.75,15.41519,44.18664,59.60183
15.76,14.87843,44.72844,59.60686
15.77,14.35064,45.26124,59.61188
15.78,13.83192,45.78492,59.61685
15.79,13.32237,46.29944,59.62181
15.8,12.82207,46.80466,59.62672
15.81,12.33108,47.30054,59.63162
15.82,11.84949,47.78699,59.63648
15.83,11.37736,48.26398,59.64134
15.84,10.91473,48.73145,59.64618
15.85,10.46167,49.18933,59.651
15.86,10.0182,49.63759,59.65579
15.87,9.584372,50.0762,59.66057
15.88,9.160211,50.50513,59.66534
15.89,8.745743,50.92434,59.67008
15.9,8.34099,51.33382,59.67481
15.91,7.945968,51.73355,59.67952
15.92,7.56069,52.12351,59.6842
15.93,7.185163,52.50372,59.68888
15.94,6.81939,52.87417,59.69356
15.95,6.463374,53.23486,59.69823
15.96,6.117111,53.58577,59.70288
15.97,5.780597,53.92694,59.70753
15.98,5.453822,54.25834,59.71216
15.99,5.136775,54.58001,59.71678
16,4.829445,54.89196,59.72141
16.01,4.531816,55.1942,59.72602
16.02,4.243871,55.48675,59.73062
16.03,3.965591,55.76965,59.73524
16.04,3.696957,56.04288,59.73984
16.05,3.437948,56.30649,59.74443
16.06,3.188541,56.56048,59.74902
16.07,2.948714,56.8049,59.75362
16.08,2.718443,57.03976,59.75821
16.09,2.497705,57.26509,59.76279
16.1,2.286475,57.48089,59.76737
16.11,2.084728,57.68721,59.77194
16.12,1.89244,57.88407,59.77651
16.13,1.709588,58.0715,59.78109
16.14,1.536146,58.24952,59.78567
16.15,1.372091,58.41816,59.79025
16.16,1.2174,58.57742,59.79482
16.17,1.07205,58.72734,59.7994
16.18,0.9360199,58.86795,59.80397
16.19,0.8092884,58.99926,59.80855
16.2,0.6918352,59.12128,59.81312
16.21,0.5836414,59.23405,59.81769
16.22,0.484689,59.33758,59.82227
16.23,0.3949611,59.43189,59.82685
16.24,0.3144422,59.51698,59.83142
16.25,0.2431179,59.59287,59.83599
16.26,0.1809754,59.65958,59.84056
16.27,0.1280031,59.71711,59.84512
16.28,0.08419081,59.76549,59.84968
16.29,0.04952994,59.80471,59.85424
16.3,0.02401335,59.83479,59.85881
16.31,0.007635484,59.85574,59.86337
16.32,0.0003923096,59.86753,59.86793
16.33,0.002281385,59.8702,59.87248
16.34,0.01330185,59.86375,59.87706
16.35,0.03345443,59.84817,59.88163
16.36,0.06274142,59.82345,59.88619
16.37,0.1011667,59.78958,59.89075
16.38,0.1487358,59.74657,59.89531
16.39,0.2054557,59.6944,59.89986
16.4,0.2713348,59.63308,59.90442
16.41,0.3463832,59.56259,59.90897
16.42,0.4306123,59.48293,59.91354
16.43,0.524035,59.39408,59.91812
16.44,0.6266655,59.29601,59.92268
16.45,0.7385194,59.18871,59.92723
16.46,0.8596133,59.0722,59.93181
16.47,0.9899654,58.9464,59.93636
16.48,1.129594,58.81133,59.94092
16.49,1.278521,58.66697,59.9455
16.5,1.436765,58.51329,59.95006
16.51,1.60435,58.35028,59.95463
16.52,1.781297,58.1779,59.9592
16.53,1.96763,57.99613,59.96376
16.54,2.163373,57.80497,59.96834
16.55,2.368551,57.60435,59.9729
16.56,2.583186,57.39428,59.97747
16.57,2.807305,57.17473,59.98203
16.58,3.040931,56.94569,59.98662
16.59,3.284091,56.70711,59.9912
16.6,3.536806,56.45898,59.99579
16.61,3.799103,56.20128,60.00038
16.62,4.071003,55.93396,60.00496
16.63,4.35253,55.65702,60.00956
16.64,4.643705,55.37045,60.01415
16.65,4.944549,55.07422,60.01877
16.66,5.25508,54.76829,60.02337
16.67,5.575316,54.45266,60.02798
16.68,5.905273,54.12733,60.0326
16.69,6.244965,53.79227,60.03724
16.7,6.594404,53.44748,60.04188
16.71,6.953598,53.09294,60.04654
16.72,7.322554,52.72863,60.05118
16.73,7.701276,52.35458,60.05585
16.74,8.089765,51.97077,60.06053
16.75,8.488018,51.57721,60.06523
16.76,8.896027,51.17392,60.06994
16.77,9.313783,50.76088,60.07466
16.78,9.74127,50.33813,60.07941
16.79,10.17847,49.90569,60.08416
16.8,10.62536,49.46358,60.08894
16.81,11.0819,49.01182,60.09373
16.82,11.54807,48.55046,60.09854
16.83,12.02383,48.07954,60.10337
16.84,12.50912,47.59911,60.10823
16.85,13.0039,47.10921,60.11311
16.86,13.5081,46.60991,60.11801
16.87,14.02166,46.10128,60.12294
16.88,14.54451,45.5834,60.1279
16.89,15.07655,45.05633,60.13288
16.9,15.61771,44.52018,60.13789
16.91,16.16789,43.97507,60.14296
16.92,16.72698,43.42106,60.14804
16.93,17.29486,42.8583,60.15316
16.94,17.87141,42.28691,60.15832
16.95,18.45649,41.70703,60.16352
16.96,19.04996,41.1188,60.16877
16.97,19.65167,40.5224,60.17407
16.98,20.26145,39.91796,60.17941
16.99,20.87912,39.30568,60.1848
17,21.5045,38.68574,60.19024
17.01,22.13738,38.05834,60.19572
17.02,22.77757,37.4237,60.20126
17.03,23.42482,36.78206,60.20688
17.04,24.07892,36.13363,60.21254
17.05,24.7396,35.47866,60.21826
17.06,25.40662,34.81745,60.22407
17.07,26.07969,34.15025,60.22994
17.08,26.75854,33.47733,60.23587
17.09,27.44286,32.79901,60.24187
17.1,28.13234,32.11562,60.24796
17.11,28.82665,31.42748,60.25413
17.12,29.52545,30.73492,60.26037
17.13,30.22838,30.03831,60.26669
17.14,30.93509,29.33801,60.2731
17.15,31.64518,28.63442,60.27959
17.16,32.35826,27.92791,60.28617
17.17,33.07393,27.21891,60.29284
17.18,33.79176,26.50784,60.29961
17.19,34.51131,25.79516,60.30647
17.2,35.23213,25.0813,60.31343
17.21,35.95376,24.36674,60.3205
17.22,36.67573,23.65194,60.32767
17.23,37.39754,22.9374,60.33495
17.24,38.1187,22.22363,60.34232
17.25,38.83868,21.51113,60.34982
17.26,39.55698,20.80044,60.35742
17.27,40.27304,20.09208,60.36512
17.28,40.98633,19.38661,60.37295
17.29,41.69629,18.68459,60.38088
17.3,42.40235,17.9866,60.38895
17.31,43.10394,17.29319,60.39713
17.32,43.80046,16.60496,60.40543
17.33,44.49135,15.92249,60.41384
17.34,45.17599,15.2464,60.42239
17.35,45.85378,14.57728,60.43105
17.36,46.52411,13.91573,60.43984
17.37,47.18637,13.26238,60.44875
17.38,47.83995,12.61783,60.45778
17.39,48.48423,11.98271,60.46694
17.4,49.11858,11.35765,60.47623
17.41,49.74238,10.74324,60.48563
17.42,50.35503,10.14013,60.49515
17.43,50.95589,9.548911,60.5048
17.44,51.54435,8.970219,60.51456
17.45,52.1198,8.404651,60.52445
17.46,52.68165,7.852815,60.53446
17.47,53.22927,7.315311,60.54459
17.48,53.7621,6.792727,60.55483
17.49,54.27955,6.285642,60.56519
17.5,54.78103,5.794624,60.57565
17.51,55.26599,5.320227,60.58621
17.52,55.73388,4.863013,60.59689
17.53,56.18416,4.423499,60.60766
17.54,56.61633,4.002213,60.61855
17.55,57.02987,3.599648,60.62952
17.56,57.42429,3.216288,60.64058
17.57,57.79913,2.852606,60.65174
17.58,58.15394,2.509037,60.66298
17.59,58.48828,2.186013,60.67429
17.6,58.80176,1.883934,60.68569
17.61,59.09398,1.603182,60.69715
17.62,59.36459,1.344111,60.7087
17.63,59.61324,1.107054,60.7203
17.64,59.83963,0.8923157,60.73195
17.65,60.04347,0.7001767,60.74365
17.66,60.22451,0.5308912,60.7554
17.67,60.38251,0.3846852,60.7672
17.68,60.51727,0.2617536,60.77903
17.69,60.62862,0.1622682,60.79089
17.7,60.7164,0.08636782,60.80277
17.71,60.78051,0.034161,60.81467
17.72,60.82086,0.005729092,60.82659
17.73,60.83738,0.001121739,60.8385
17.74,60.83007,0.02035918,60.85043
17.75,60.79892,0.06343063,60.86235
17.76,60.74395,0.1302952,60.87425
17.77,60.66526,0.2208818,60.88614
17.78,60.56292,0.3350897,60.89801
17.79,60.43707,0.4727882,60.90985
17.8,60.28785,0.6338171,60.92167
17.81,60.11545,0.8179873,60.93343
17.82,59.92009,1.025081,60.94517
17.83,59.702,1.254856,60.95685
17.84,59.46144,1.507035,60.96847
17.85,59.19871,1.781322,60.98003
17.86,58.91415,2.077384,60.99154
17.87,58.60809,2.394879,61.00297
17.88,58.28091,2.733424,61.01434
17.89,57.93299,3.092623,61.02562
17.9,57.56476,3.472059,61.03682
17.91,57.17664,3.871284,61.04793
17.92,56.76911,4.289837,61.05895
17.93,56.34264,4.727238,61.06988
17.94,55.89772,5.182987,61.0807
17.95,55.43486,5.656568,61.09143
17.96,54.95461,6.147445,61.10205
17.97,54.4575,6.655069,61.11256
17.98,53.94408,7.178885,61.12296
17.99,53.41494,7.718315,61.13326
18,52.87066,8.272779,61.14344
18.01,52.31182,8.841674,61.15349
18.02,51.73903,9.424412,61.16344
18.03,51.15289,10.02037,61.17326
18.04,50.55401,10.62895,61.18296
18.05,49.94302,11.24951,61.19254
18.06,49.32054,11.88144,61.20198
18.07,48.68719,12.52411,61.21131
18.08,48.04361,13.1769,61.22051
18.09,47.39041,13.83917,61.22958
18.1,46.72823,14.51031,61.23854
18.11,46.0577,15.18968,61.24738
18.12,45.37943,15.87666,61.25609
18.13,44.69403,16.57063,61.26466
18.14,44.00214,17.27098,61.27311
18.15,43.30435,17.97709,61.28145
18.16,42.60127,18.68839,61.28966
18.17,41.8935,19.40426,61.29776
18.18,41.18161,20.12412,61.30573
18.19,40.4662,20.84739,61.31358
18.2,39.74782,21.5735,61.32132
18.21,39.02704,22.3019,61.32895
18.22,38.30441,23.03204,61.33645
18.23,37.58046,23.76338,61.34384
18.24,36.85573,24.49541,61.35114
18.25,36.13072,25.22759,61.35831
18.26,35.40593,25.95944,61.36537
18.27,34.68186,26.69048,61.37234
18.28,33.95898,27.42023,61.3792
18.29,33.23775,28.14822,61.38597
18.3,32.51862,28.87402,61.39264
18.31,31.80202,29.59718,61.39921
18.32,31.08839,30.3173,61.40569
18.33,30.37811,31.03397,61.41208
18.34,29.6716,31.7468,61.41839
18.35,28.96921,32.45541,61.42463
18.36,28.27133,33.15945,61.43078
18.37,27.57829,33.85855,61.43684
18.38,26.89043,34.5524,61.44283
18.39,26.20808,35.24067,61.44875
18.4,25.53154,35.92304,61.45458
18.41,24.86111,36.59925,61.46036
18.42,24.19706,37.26901,61.46607
18.43,23.53967,37.93204,61.47171
18.44,22.88918,38.5881,61.47729
18.45,22.24585,39.23697,61.48282
18.46,21.60988,39.8784,61.48828
18.47,20.98151,40.51218,61.49369
18.48,20.36093,41.1381,61.49903
18.49,19.74834,41.75599,61.50432
18.5,19.14391,42.36568,61.50958
18.51,18.54781,42.96698,61.51479
18.52,17.9602,43.55975,61.51995
18.53,17.38122,44.14385,61.52507
18.54,16.81102,44.71912,61.53014
18.55,16.24971,45.28546,61.53517
18.56,15.69741,45.84277,61.54018
18.57,15.15423,46.39091,61.54514
18.58,14.62026,46.92982,61.55008
18.59,14.0956,47.45937,61.55497
18.6,13.58032,47.97953,61.55985
18.61,13.07449,48.4902,61.56469
18.62,12.57819,48.99133,61.56952
18.63,12.09146,49.48285,61.57431
18.64,11.61436,49.96472,61.57908
18.65,11.14693,50.4369,61.58383
18.66,10.68921,50.89935,61.58856
18.67,10.24122,51.35204,61.59326
18.68,9.803,51.79494,61.59794
18.69,9.374562,52.22805,61.60262
18.7,8.955923,52.65134,61.60726
18.71,8.547092,53.0648,61.6119
18.72,8.148075,53.46844,61.61651
18.73,7.758875,53.86226,61.62113
18.74,7.379488,54.24623,61.62572
18.75,7.009908,54.62039,61.63029
18.76,6.650127,54.98475,61.63488
18.77,6.300131,55.33931,61.63944
18.78,5.959908,55.68408,61.64399
18.79,5.629436,56.0191,61.64854
18.8,5.3087,56.34437,61.65307
18.81,4.997674,56.65991,61.65758
18.82,4.696337,56.96577,61.6621
18.83,4.404662,57.26195,61.66661
18.84,4.122623,57.54849,61.67111
18.85,3.850192,57.82544,61.67563
18.86,3.587339,58.09282,61.68016
18.87,3.334037,58.35062,61.68465
18.88,3.090253,58.59888,61.68913
18.89,2.855957,58.83769,61.69365
18.9,2.631118,59.06702,61.69814
18.91,2.415705,59.28694,61.70264
18.92,2.209687,59.49746,61.70715
18.93,2.013034,59.69862,61.71165
18.94,1.825714,59.89043,61.71614
18.95,1.647697,60.07291,61.72061
18.96,1.478954,60.24614,61.72509
18.97,1.319456,60.41013,61.72958
18.98,1.169176,60.5649,61.73407
18.99,1.028085,60.71047,61.73856
19,0.8961596,60.84687,61.74303
19.01,0.7733732,60.97415,61.74752
19.02,0.6597028,61.09229,61.752
19.03,0.5551259,61.20135,61.75648
19.04,0.4596216,61.30135,61.76097
19.05,0.3731704,61.39228,61.76545
19.06,0.2957543,61.47419,61.76994
19.07,0.227357,61.54707,61.77442
19.08,0.1679635,61.61093,61.77889
19.09,0.1175608,61.66578,61.78334
19.1,0.07613733,61.71169,61.78783
19.11,0.04368347,61.7486,61.79228
19.12,0.02019125,61.77657,61.79676
19.13,0.005654528,61.79557,61.80122
19.14,6.896543E-05,61.80563,61.80569
19.15,0.003432046,61.80675,61.81018
19.16,0.01574308,61.7989,61.81465
19.17,0.03700322,61.78212,61.81913
19.18,0.06721544,61.75636,61.82358
19.19,0.1063846,61.72166,61.82804
19.2,0.1545171,61.67802,61.83253
19.21,0.2116216,61.62538,61.837
19.22,0.2777081,61.56378,61.84149
19.23,0.3527885,61.49317,61.84595
19.24,0.4368765,61.41353,61.85041
19.25,0.5299872,61.32491,61.8549
19.26,0.6321376,61.22724,61.85938
19.27,0.7433459,61.1205,61.86385
19.28,0.8636321,61.00469,61.86832
19.29,0.9930176,60.87979,61.87281
19.3,1.131525,60.74577,61.8773
19.31,1.279179,60.60258,61.88176
19.32,1.436003,60.45025,61.88625
19.33,1.602026,60.2887,61.89073
19.34,1.777273,60.11793,61.8952
19.35,1.961773,59.9379,61.89967
19.36,2.155555,59.74859,61.90415
19.37,2.35865,59.54999,61.90864
19.38,2.571087,59.34203,61.91312
19.39,2.792897,59.12468,61.91758
19.4,3.024112,58.89798,61.92209
19.41,3.264762,58.66179,61.92656
19.42,3.51488,58.41616,61.93104
19.43,3.774497,58.16105,61.93555
19.44,4.043642,57.8964,61.94004
19.45,4.322348,57.62219,61.94454
19.46,4.610644,57.3384,61.94905
19.47,4.908558,57.04501,61.95357
19.48,5.21612,56.74196,61.95808
19.49,5.533357,56.42923,61.96259
19.5,5.860292,56.10682,61.96712
19.51,6.196952,55.77471,61.97166
19.52,6.543357,55.43285,61.97621
19.53,6.899528,55.08124,61.98077
19.54,7.265483,54.71984,61.98532
19.55,7.641236,54.34867,61.9899
19.56,8.0268,53.96768,61.99448
19.57,8.422186,53.5769,61.99908
19.58,8.827398,53.1763,62.0037
19.59,9.24244,52.7659,62.00834
19.6,9.66731,52.34566,62.01297
19.61,10.102,51.91563,62.01763
19.62,10.5465,51.4758,62.0223
19.63,11.0008,51.02619,62.027
19.64,11.46488,50.56682,62.0317
19.65,11.93871,50.09773,62.03645
19.66,12.42226,49.61894,62.04121
19.67,12.9155,49.13049,62.04599
19.68,13.41838,48.63242,62.0508
19.69,13.93085,48.12479,62.05563
19.7,14.45285,47.60765,62.0605
19.71,14.98432,47.08107,62.06539
19.72,15.52519,46.54512,62.07031
19.73,16.07538,45.99989,62.07526
19.74,16.63479,45.44547,62.08026
19.75,17.20335,44.88194,62.08528
19.76,17.78092,44.30942,62.09034
19.77,18.36741,43.72804,62.09545
19.78,18.96268,43.13793,62.1006
19.79,19.56659,42.5392,62.1058
19.8,20.17901,41.93203,62.11104
19.81,20.79978,41.31654,62.11632
19.82,21.42872,40.69295,62.12167
19.83,22.06566,40.06141,62.12707
19.84,22.71041,39.42212,62.13253
19.85,23.36275,38.77529,62.13804
19.86,24.02249,38.12111,62.1436
19.87,24.68938,37.45984,62.14922
19.88,25.36319,36.79174,62.15493
19.89,26.04367,36.11702,62.16069
19.9,26.73054,35.43599,62.16653
19.91,27.42352,34.74891,62.17242
19.92,28.12231,34.05608,62.1784
19.93,28.82662,33.35784,62.18446
19.94,29.53611,32.6545,62.19061
19.95,30.25045,31.94638,62.19683
19.96,30.96928,31.23387,62.20315
19.97,31.69224,30.5173,62.20954
19.98,32.41895,29.79708,62.21603
19.99,33.14901,29.07361,62.22262
20,33.88201,28.34728,62.22929
